Country-Region-City,Latitude,Longitude
"ARGENTINA,_,BUENOS AIRES",-34.59972,-58.38194
"ARGENTINA,_,CABA",-16.510224,-68.124932
"ARGENTINA,_,CHACO",-27.45139,-58.98667
"ARGENTINA,_,CORDOBA",-31.41667,-64.18333
"ARGENTINA,_,CORRIENTES",-27.48333,-58.81667
"ARGENTINA,_,ENTRE RIOS",-32.0477,-60.281
"ARGENTINA,_,FORMOSA",-26.18472,-58.17583
"ARGENTINA,_,JUJUY",-23.75,-65.5
"ARGENTINA,_,LA PAMPA",-36.61667,-64.28333
"ARGENTINA,_,LA RIOJA",-29.41306,-66.85583
"ARGENTINA,_,MENDOZA",-32.88333,-68.83333
"ARGENTINA,_,MISIONES",-26.92,-54.52
"ARGENTINA,_,NEUQUEN",-38.95735,-68.04553
"ARGENTINA,_,RIO NEGRO",-40.8,-63.0
"ARGENTINA,_,SALTA",-24.78833,-65.41056
"ARGENTINA,_,SAN LUIS",-33.27722,-66.3525
"ARGENTINA,_,SANTA CRUZ",-48.82389,-69.815
"ARGENTINA,_,SANTA FE",-31.63333,-60.7
"ARGENTINA,_,SANTIAGO DEL ESTERO",-27.78444,-64.26694
"ARGENTINA,_,TUCUMAN",-27.0,-65.5
"BANGLADESH,_,_",24.3476078,90.07797404
"BELARUS,GOMEL,GOMEL",52.44167,30.98333
"BELARUS,MINSK-CITY,MINSK",53.90225,27.56184
"BELARUS,MOGILEV,MOGILEV",53.9,30.33333
"BELARUS,VITEBSK,MYORY",55.61667,27.61667
"BELARUS,VITEBSK,NOVOPOLOTSK",55.53333,28.66667
"BELARUS,VITEBSK,ORSHA",54.50917,30.42583
"BELARUS,VITEBSK,VITEBSK",55.18333,30.16667
"BENIN,LITTORAL,COTONOU",6.373391,2.4401
"BENIN,_,COTONOU",6.373391,2.4401
"BOTSWANA,_,_",-24.66667,25.91667
"BRAZIL,ACRE,RIO BRANCO",-9.9765,-67.8221
"BRAZIL,ALAGOAS,MACEIO",-9.6477,-35.7339
"BRAZIL,AMAZONAS,MANAUS",-3.1329,-59.9865
"BRAZIL,BAHIA,CAMACARI",-12.6998,-38.3261
"BRAZIL,BAHIA,FEIRA DE SANTANA",-12.2579,-38.9598
"BRAZIL,BAHIA,ITABUNA",-14.7876,-39.2781
"BRAZIL,BAHIA,LAURO DE FREITAS",-12.8978,-38.3215
"BRAZIL,BAHIA,SALVADOR",-12.9822,-38.4813
"BRAZIL,BAHIA,URUCUCA",-14.5913,-39.2862
"BRAZIL,BAHIA,VITORIA DA CONQUISTA",-14.8567,-40.8415
"BRAZIL,CEARA,FORTALEZA",-3.7305,-38.5218
"BRAZIL,DISTRITO FEDERAL,BRASILIA",-15.7934,-47.8823
"BRAZIL,ESPIRITO SANTO,VITORIA",-20.2997,-40.3016
"BRAZIL,GOIAS,GOIANIA",-16.6809,-49.2533
"BRAZIL,MATO GROSSO DO SUL,CAMPO GRANDE",-20.464,-54.6163
"BRAZIL,MATO GROSSO DO SUL,CORUMBA",-19.0064,-57.6495
"BRAZIL,MATO GROSSO DO SUL,TRES LAGOAS",-20.7917,-51.7111
"BRAZIL,MATO GROSSO,BARRA DO GARCAS",-15.8916,-52.2615
"BRAZIL,MATO GROSSO,CUIABA",-15.5987,-56.0991
"BRAZIL,MINAS GERAIS,BELO HORIZONTE",-19.9227,-43.9451
"BRAZIL,MINAS GERAIS,BETIM",-19.9681,-44.1983
"BRAZIL,MINAS GERAIS,GOVERNADOR VALADARES",-18.8539,-41.9459
"BRAZIL,MINAS GERAIS,JANAUBA",-15.8004,-43.3115
"BRAZIL,MINAS GERAIS,PASSOS",-20.7192,-46.6095
"BRAZIL,MINAS GERAIS,SAO GOTARDO",-19.3169,-46.0477
"BRAZIL,MINAS GERAIS,SETE LAGOAS",-19.4661,-44.2469
"BRAZIL,MINAS GERAIS,TRES PONTAS",-21.3706,-45.5121
"BRAZIL,MINAS GERAIS,UBERLANDIA",-18.9188,-48.2768
"BRAZIL,MINAS GERAIS,VISCONDE RIO BRANCO",-5.855271,-35.351872
"BRAZIL,PARA,BELEM",-1.4506,-48.4682
"BRAZIL,PARAIBA,JOAO PESSOA",-7.1216,-34.882
"BRAZIL,PARANA,CAMPO LARGO",-25.4598,-49.5271
"BRAZIL,PARANA,CASCAVEL",-24.9617,-53.4361
"BRAZIL,PARANA,CURITIBA",-25.4296,-49.2712
"BRAZIL,PARANA,FOZ DO IGUACU",-25.5209,-54.5763
"BRAZIL,PARANA,FRANCISCO BELTRAO",-26.0791,-53.0534
"BRAZIL,PARANA,JACAREZINHO",-22.8875,-43.2579
"BRAZIL,PARANA,PONTA GROSSA",-25.0892,-50.1602
"BRAZIL,PARANA,TOLEDO",-24.7222,-53.7402
"BRAZIL,PERNAMBUCO,RECIFE",-8.0642,-34.8782
"BRAZIL,PERNAMBUCO,SAO LOURENCO",-22.1164,-45.0542
"BRAZIL,PERNAMBUCO,SIRINHAEM",-8.5923,-35.1152
"BRAZIL,RIO DE JANEIRO,RIO DE JANEIRO",-22.911,-43.2094
"BRAZIL,RIO GRANDE DO NORTE,GUARARAPES",-21.2533,-50.646
"BRAZIL,RIO GRANDE DO NORTE,NATAL",-5.8054,-35.2081
"BRAZIL,RIO GRANDE DO SUL,PORTO ALEGRE",-30.033,-51.2305
"BRAZIL,SANTA CATARINA,FLORIANOPOLIS",-27.5973,-48.5496
"BRAZIL,SAO PAULO,AMERICANA",-22.7392,-47.3314
"BRAZIL,SAO PAULO,AMPARO",-22.7011,-46.7644
"BRAZIL,SAO PAULO,ARACATUBA",-21.208,-50.439
"BRAZIL,SAO PAULO,BAURU",-22.3218,-49.0706
"BRAZIL,SAO PAULO,BEBEDOURO",-20.9491,-48.4791
"BRAZIL,SAO PAULO,CAMPINAS",-22.9056,-47.0608
"BRAZIL,SAO PAULO,COTIA",-23.6039,-46.9189
"BRAZIL,SAO PAULO,FRANCA",-20.5382,-47.401
"BRAZIL,SAO PAULO,ITAPECERICA DA SERRA",-23.7176,-46.8492
"BRAZIL,SAO PAULO,ITAQUAQUECETUBA",-23.4858,-46.3478
"BRAZIL,SAO PAULO,JUNDIAI",-23.1882,-46.8838
"BRAZIL,SAO PAULO,RIBEIRAO PRETO",-21.1783,-47.8067
"BRAZIL,SAO PAULO,RIO CLARO",-22.4108,-47.5608
"BRAZIL,SAO PAULO,S JOSE R PRETO",-22.087831,-43.821471
"BRAZIL,SAO PAULO,S PAULO",-23.585244,-46.723191
"BRAZIL,SAO PAULO,SANTOS",-23.9608,-46.3339
"BRAZIL,SAO PAULO,SAO JOSE DOS CAMPOS",-23.1806,-45.8907
"BRAZIL,SAO PAULO,SOROCABA",-23.5017,-47.4581
"BRAZIL,SAO PAULO,TAUBATE",-23.0314,-45.5613
"BULGARIA,_,_",42.76137671,25.23150701
"CAMBODIA,SIEM REAP PROVINCE,DAM DEK",13.259501,104.121303
"CAMBODIA,SIEM REAP PROVINCE,SIEM REAP",13.33333,103.83333
"CAMEROON,CENTRE REGION,YAOUNDE",3.864768,11.520526
"CANADA,QUEBEC,_",46.8257,-71.2349
"CANADA,_,_",55.58590129,-105.7505959
"CENTRAL AFRICAN REPUBLIC,_,_",6.57134078462119,20.48282611
"CHINA,BEIJING MUNICIPALITY,_",39.905,116.39139
"CHINA,CHONGQING MUNICIPALITY,_",29.55,106.50694
"CHINA,CY,_",35.197761,33.332583
"CHINA,GANSU PROVINCE,_",38.24243224,102.2629039
"CHINA,GUIZHOU PROVINCE,_",27.21755203,106.8243573
"CHINA,HONG KONG,HONG KONG",22.2996535,114.1675485
"CHINA,JIANGSU PROVINCE,_",32.0497095,118.7647345
"CHINA,SHANGHAI MUNICIPALITY,_",31.16667,121.46667
"CHINA,TIANJIN MUNICIPALITY,_",39.14667,117.20556
"CHINA,XINJIANG AUTONOUMOUS REGION,_",43.818435,87.581775
"CHINA,ZHEJIANG PROVINCE,_",28.72590219,120.071318
"CHINA,_,_",25.758297,110.121626
"CROATIA,_,_",42.663857,18.081771
"CZECH REPUBLIC,_,_",50.047345,14.4564
"DRC CONGO,_,KINSHASA",-4.32333,15.30806
"ECUADOR,_,_",-2.188936,-79.881704
"EGYPT,ABBASSIA,_",25.177443,55.245974
"EGYPT,ALEXANDRIA,_",31.2,29.91667
"EGYPT,ASSIUT,_",27.18694,31.17139
"EGYPT,CAIRO,_",30.05611,31.23944
"EGYPT,LOWER EGYPT,_",30.059844,31.337206
"EGYPT,MAHALLA,_",26.49418383,29.87190345
"EGYPT,SHEBIN,_",25.177443,55.245974
"EGYPT,SOHAG,_",26.56056,31.69167
"EGYPT,_,ABBASSIA",25.177443,55.245974
"EGYPT,_,ALEXANDRIA",31.2,29.91667
"EGYPT,_,FAYOUM",29.3,30.83333
"EGYPT,_,SHEBIN",25.177443,55.245974
"EGYPT,_,_",30.059844,31.337206
"ETHIOPIA,_,_",8.0,39.0
"FRANCE,AUVERGNE RH�NE-ALPES,_",45.51762,4.54255
"FRANCE,BOURGOGNE FRANCHE-COMT�,_",47.23433,4.80681
"FRANCE,BRETAGNE,_",48.764968,2.362316
"FRANCE,CENTRE VAL DE LOIRE,_",47.5,1.75
"FRANCE,GRAND EST,_",48.6,-0.35
"FRANCE,HAUTS DE FRANCE,_",49.92056,2.70298
"FRANCE,ILE-DE-FRANCE,_",48.685746,2.166662
"FRANCE,NORMANDIE,_",44.72371,2.447158
"FRANCE,NOUVELLE AQUITAINE,_",44.8366,-0.5888
"FRANCE,OCCITANIE,_",43.634057,3.848209
"FRANCE,PAYS DE LOIRE,_",47.5185652,-1.1828686
"FRANCE,PROVENCE-ALPES-C�TE D'AZUR,_",44.054359,5.9732
"FRANCE,_,_",43.296482,5.36978
"GHANA,ASHANTI REGION,KUMASI",6.708083,-1.613894
"GHANA,GREATER ACCRA,ACCRA",5.661083,-0.202815
"GHANA,_,KUMASI",6.708083,-1.613894
"GUATEMALA,_,_",14.617879,-90.535286
"HUNGARY,_,_",46.909892,18.05226
"INDIA,ANDHRA PRADESH,HYDERABAD",17.36667,78.46667
"INDIA,CHANDIGARH,CHANDIGARH",30.73528,76.79111
"INDIA,DELHI,DELHI",28.66667,77.21667
"INDIA,GUJARAT,SURAT",21.17,72.83
"INDIA,KARNATAKA,BANGALORE",12.96991,77.59796
"INDIA,KARNATAKA,KOLAR",13.13333,78.13333
"INDIA,KERALA,CALICUT",11.291818,75.776702
"INDIA,KERALA,TRIVANDRUM",8.542349,76.912849
"INDIA,MAHARASTRA,MUMBAI",18.96667,72.83333
"INDIA,PONDICHERRY,PONDICHERRY",11.93,79.83
"INDIA,PUNJAB,CHANDIGARH",30.73528,76.79111
"INDIA,PUNJAB,LUDHIANA",30.90833,75.84861
"INDIA,RAJASTHAN,JAIPUR",26.91667,75.86667
"INDIA,TAMIL NADU,CHENNAI",13.09,80.27
"INDIA,TAMIL NADU,COIMBATORE",11.0,76.96667
"INDIA,TAMIL NADU,DELHI",28.66667,77.21667
"INDIA,TAMIL NADU,MANIPAL",13.357135,74.784239
"INDIA,TAMIL NADU,PONDICHERRY",11.93,79.83
"INDIA,TAMIL NADU,TRIVANDRUM",8.542349,76.912849
"INDIA,TAMIL NADU,VELLORE",12.93333,79.13333
"INDIA,WEST BENGAL,KHARAGPUR",22.33028,87.32361
"INDIA,_,BANGALORE",12.96991,77.59796
"INDIA,_,CALICUT",11.291818,75.776702
"INDIA,_,CHENNAI",13.09,80.27
"INDIA,_,LUDHIANA",30.90833,75.84861
"INDIA,_,MUMBAI",18.96667,72.83333
"INDIA,_,NEW DELHI",28.7,77.2
"INDIA,_,PONDICHERRY",11.93,79.83
"INDIA,_,VELLORE",12.93333,79.13333
"INDIA,_,_",13.631307,79.424286
"INDONESIA,_,_",0.895744,100.308225
"IRELAND,EAST,_",40.98375008,-85.84496366
"IRELAND,MIDLANDS,_",43.5934101,-84.2639572
"IRELAND,MIDWEST,_",31.0973851,-91.2983004
"IRELAND,NORTH-EAST,_",31.00758062,-88.96595933
"IRELAND,NORTH-WEST,_",1.404823,103.795582
"IRELAND,SOUTH,_",40.6664691,-73.4170279
"IRELAND,SOUTH-EAST,_",54.82,-7.45
"IRELAND,WEST,_",41.629895,-86.261435
"ISRAEL,AFULA,_",32.60778,35.28972
"ISRAEL,ASKELON,_",31.66583,34.56639
"ISRAEL,BE'ER YA'ACOV,_",31.96,34.85
"ISRAEL,BNEI BRAK,_",32.08333,34.83333
"ISRAEL,EILAT,_",29.558,34.9482
"ISRAEL,HAIFA,_",32.8,34.98333
"ISRAEL,HOLON,_",32.01667,34.76667
"ISRAEL,JERUSALEM,_",31.77331512,35.18679028
"ISRAEL,KFAR SABA,_",32.175,34.9069
"ISRAEL,NAHARIYA,_",33.0049365,35.093897
"ISRAEL,NETANYA,_",32.33333,34.85
"ISRAEL,PETAH TIKVA,AR'ARA",32.4955,35.0941
"ISRAEL,PETAH TIKVA,EL'AD",32.05,34.96
"ISRAEL,PETAH TIKVA,_",32.08333,34.88333
"ISRAEL,REHOVOT,_",31.89139,34.80778
"ISRAEL,TEL AVIV,_",32.088545,34.78254
"ISRAEL,_,ABU GHOSH",31.8059,35.1093
"ISRAEL,_,ABU JUWEI'ID TRIBE",32.27,34.99
"ISRAEL,_,ABU KORINAT TRIBE",32.27,34.99
"ISRAEL,_,ABU RAKAIK TRIBE",32.27,34.99
"ISRAEL,_,ABU ROKAYEK",31.25889,34.79778
"ISRAEL,_,ABU RUBIIAHA TRIBE",32.27,34.99
"ISRAEL,_,AFULA",32.60778,35.28972
"ISRAEL,_,AHISAMAKH",31.935,34.90722
"ISRAEL,_,AKO",32.92712825,35.0833715
"ISRAEL,_,AL A'SAM TRIBE",32.27,34.99
"ISRAEL,_,AL SAYYID TRIBE",31.29,34.92
"ISRAEL,_,AL UQBI TRIBE",32.27,34.99
"ISRAEL,_,ALFEI MENASHE",32.17167,35.015
"ISRAEL,_,ALMON",29.565775,34.950036
"ISRAEL,_,AR'ARA",32.4955,35.0941
"ISRAEL,_,AR'ARA BANEGEV",31.15972,35.02361
"ISRAEL,_,AR'ARAT AN-NAQAB",31.15972,35.02361
"ISRAEL,_,ARAD",31.26028,35.21472
"ISRAEL,_,ARRABA",32.85111,35.33861
"ISRAEL,_,ASAD TRIBE",32.27,34.99
"ISRAEL,_,ASHDOD",31.79778,34.65028
"ISRAEL,_,ASHKELON",31.66583,34.56639
"ISRAEL,_,ATRASH TRIBE",31.252809,34.968354
"ISRAEL,_,AZUR",32.01667,34.81667
"ISRAEL,_,BAQA AL-GHARBIYYE",32.42033,35.04218
"ISRAEL,_,BAR AM",31.952815,35.904305
"ISRAEL,_,BAT AYIN",31.65722,35.10226
"ISRAEL,_,BAT YAM",32.02306,34.75028
"ISRAEL,_,BEER SHEVA",31.25889,34.79778
"ISRAEL,_,BEER YAACOB",31.9425,34.833611
"ISRAEL,_,BEIT EL",31.942,35.222
"ISRAEL,_,BEIT MEIR",31.7941,35.0371
"ISRAEL,_,BEIT SHE'AN",32.5,35.5
"ISRAEL,_,BEIT SHEMESH",31.75139,34.98861
"ISRAEL,_,BEITAR ILLIT",31.32639,34.94
"ISRAEL,_,BI'INA",31.84726081,34.84199853
"ISRAEL,_,BINYAMINA-GIV'AT ADA",32.52222,34.945
"ISRAEL,_,BNEI AYISH",31.7892,34.7591
"ISRAEL,_,BNEI BRAK",32.08333,34.83333
"ISRAEL,_,BRACHA",32.06323,34.768042
"ISRAEL,_,DALIYAT AL-KARMEL",32.69306,35.04944
"ISRAEL,_,DEIR AL-ASAD",32.944261,35.262618
"ISRAEL,_,DEIR HANNA",32.86241,35.37117
"ISRAEL,_,DIMONA",31.07,35.03
"ISRAEL,_,EILABUN",32.842293,35.401924
"ISRAEL,_,EILAT",29.558,34.9482
"ISRAEL,_,EIN HANATZIV KIBBUTZ",32.47,35.5
"ISRAEL,_,EVEN SMUEL",32.068807,34.769019
"ISRAEL,_,EVEN YEUDA",32.27002,34.88743
"ISRAEL,_,EZER",31.87528,34.92139
"ISRAEL,_,FUREIDIS",32.59654,34.9506
"ISRAEL,_,GAT KIBBUTZ",31.6272,34.7941
"ISRAEL,_,GEDERA",31.804226,34.783759
"ISRAEL,_,GIV'AT SHMUEL",32.0753,34.8467
"ISRAEL,_,GIV'AT ZE'EV",32.6752,35.2116
"ISRAEL,_,GIVAT BINYAMIN",32.6752,35.2116
"ISRAEL,_,GIVATAYIM",32.06972,34.81167
"ISRAEL,_,HADERA",32.45,34.91667
"ISRAEL,_,HAIFA",32.8,34.98333
"ISRAEL,_,HAWASHLA TRIBE",31.09135,34.979324
"ISRAEL,_,HAZERIM",31.240474,34.713585
"ISRAEL,_,HEBRON",31.5294,35.0938
"ISRAEL,_,HERUT",32.2392,34.9168
"ISRAEL,_,HERZLIYA",32.15556,34.84222
"ISRAEL,_,HOD HASHARON",32.15,34.88333
"ISRAEL,_,HOLON",32.01667,34.76667
"ISRAEL,_,HURA",31.3,34.92
"ISRAEL,_,I'BILLIN",32.827911,35.184521
"ISRAEL,_,IBTIN",32.76005,35.1132
"ISRAEL,_,ILUT",32.71667,35.2625
"ISRAEL,_,ISFIYA",32.71944,35.06333
"ISRAEL,_,JABEL MUKABER",30.0841,35.1291
"ISRAEL,_,JADEIDI-MAKR",32.425003,35.00102
"ISRAEL,_,JERUSALEM",31.77331512,35.18679028
"ISRAEL,_,JISR AZ-ZARQA",32.53792,34.91223
"ISRAEL,_,JORDAN RIFT VALLEY",31.771667,35.186166
"ISRAEL,_,KABUL",32.86833,35.21139
"ISRAEL,_,KAFR KANNA",31.84726081,34.84199853
"ISRAEL,_,KAFR QARA",32.13056,34.97194
"ISRAEL,_,KAFR QASIM",32.1141,34.9762
"ISRAEL,_,KAFR YASIF",32.95472,35.16528
"ISRAEL,_,KARMIA KIBBUTZ",31.766943,35.1627405
"ISRAEL,_,KETZIOT PRISON",32.041185,34.770818
"ISRAEL,_,KFAR CHABAD",31.9879,34.8516
"ISRAEL,_,KFAR HAROEH",32.39,34.91
"ISRAEL,_,KFAR MENAHEM",31.730708,34.835192
"ISRAEL,_,KFAR SABA",32.175,34.9069
"ISRAEL,_,KFAR YONA",32.32,34.93
"ISRAEL,_,KIRYAT ARBA",32.85111,35.33861
"ISRAEL,_,KIRYAT ATA",32.8,35.1
"ISRAEL,_,KIRYAT GAT",31.60611,34.77167
"ISRAEL,_,KIRYAT MALAKHI",31.73,34.75
"ISRAEL,_,KIRYAT MOTZKIN",32.83806,35.07944
"ISRAEL,_,KIRYAT ONO",32.06361,34.85528
"ISRAEL,_,KIRYAT YAM",32.86,35.08
"ISRAEL,_,KODIIRAT ATZANA TRIBE",32.27,34.99
"ISRAEL,_,KOKHAV YA'AKOV",31.8802,35.2457
"ISRAEL,_,KOKHAV YA'IR",32.22215455,34.99661095
"ISRAEL,_,KUSEIFE",31.24528,35.09278
"ISRAEL,_,LAKIA",31.32639,34.85833
"ISRAEL,_,LOD",31.95,34.9
"ISRAEL,_,MA'ALE ADUMIM",31.4516,34.5136
"ISRAEL,_,MA'ALE GILBOA KIBBUTZ",32.476965,35.418125
"ISRAEL,_,MA'ALE IRON",32.549498,35.154486
"ISRAEL,_,MA'ALE SHOMRON",32.1647,35.07114
"ISRAEL,_,MA'ALOT-TARSHIHA",33.0134,35.2837
"ISRAEL,_,MAGHAR",32.89,35.40833
"ISRAEL,_,MAJD AL-KRUM",33.005065,35.098701
"ISRAEL,_,MASUDIN AL AZAZME TRIBE",31.164229,34.821508
"ISRAEL,_,MATZLIAH",31.907532,34.870935
"ISRAEL,_,MAZKERET BATYA",31.85454,34.84195
"ISRAEL,_,MEITAR",31.32639,34.94
"ISRAEL,_,MERKAZ SHAPIRA",31.6968,34.7068
"ISRAEL,_,MEVASERET ZION",31.80361,35.15472
"ISRAEL,_,MI'ILYA",33.02516,35.25956
"ISRAEL,_,MIGDAL HAEMEK",32.67861,35.24444
"ISRAEL,_,MISMAR HANEGEV KIBBUTZ",31.36444,34.71889
"ISRAEL,_,MITZPE RAMON",30.612262,34.8031545
"ISRAEL,_,MODI'IN",31.8983,35.0105
"ISRAEL,_,MODI'IN ILLIT",31.93056,35.04167
"ISRAEL,_,MODI'IN-MACCABIM-RE'UT",31.8983,35.0105
"ISRAEL,_,MOSHAV DOR",32.6075,34.9233
"ISRAEL,_,MOSHAV OZEM",31.63584,34.70298
"ISRAEL,_,NAHARIYA",33.0049365,35.093897
"ISRAEL,_,NAHLIEL",31.84726081,34.84199853
"ISRAEL,_,NATANYA",32.33333,34.85
"ISRAEL,_,NAZARETH",32.7021,35.29785
"ISRAEL,_,NAZARETH ILLIT",32.7,35.31
"ISRAEL,_,NESHER",32.76667,35.05
"ISRAEL,_,NESS ZIONA",31.9293,34.7987
"ISRAEL,_,NETIVOT",31.420257,34.594978
"ISRAEL,_,NIR AM KIBBUTZ",33.005065,35.098701
"ISRAEL,_,NITZAN",30.88575,34.4222705
"ISRAEL,_,NOKDIM",31.84726081,34.84199853
"ISRAEL,_,OFAKIM",31.31,34.62
"ISRAEL,_,OMER",31.26833,34.84889
"ISRAEL,_,OR AKIVA",32.5,34.91667
"ISRAEL,_,OR YEHUDA",32.03333,34.85
"ISRAEL,_,ORANIT",32.8442,35.2522
"ISRAEL,_,PARDES HANNA-KARKUR",32.47111,34.9675
"ISRAEL,_,PARDESIYA",32.30279,34.91095
"ISRAEL,_,PETAH TIKVA",32.08333,34.88333
"ISRAEL,_,QALANSAWE",31.84726081,34.84199853
"ISRAEL,_,RAANANA",32.18,34.88
"ISRAEL,_,RAHAT",31.3925,34.75444
"ISRAEL,_,RAMAT GAN",32.08333,34.81667
"ISRAEL,_,RAMAT HASHSARON",32.15,34.83333
"ISRAEL,_,RAMAT YISHAI",32.70333,35.165
"ISRAEL,_,RAMEH",32.071284,34.787056
"ISRAEL,_,RAMLA",31.9318,34.87356
"ISRAEL,_,REHOVOT",31.89139,34.80778
"ISRAEL,_,REKHASIM",32.749459,35.108924
"ISRAEL,_,REVAVA",32.449,35.4733
"ISRAEL,_,RISHON LEZION",31.95,34.8
"ISRAEL,_,RISHPON",32.2015875,34.8230715
"ISRAEL,_,ROSH HAAIN",32.0956,34.9566
"ISRAEL,_,RUMAT AL-HEIB",32.7775,35.30722
"ISRAEL,_,SAHARONIM PRISON",32.041185,34.770818
"ISRAEL,_,SAKHNIN",32.86,35.3
"ISRAEL,_,SAYED TRIBE",32.27,34.99
"ISRAEL,_,SDE TZVI",31.45,34.71
"ISRAEL,_,SEGEV SHALOM",31.19611,34.83778
"ISRAEL,_,SHALVA",31.56361,34.76806
"ISRAEL,_,SHEFA-'AMR",32.80556,35.16944
"ISRAEL,_,SHEFAYIM",32.2169,34.8246
"ISRAEL,_,SHIBLI�UMM AL-GHANAM",31.046051,34.851612
"ISRAEL,_,SHOAM",31.99667,34.94278
"ISRAEL,_,SHOMRIYA",31.432147,34.885107
"ISRAEL,_,SHUAFAT",31.84726081,34.84199853
"ISRAEL,_,TAIBE",32.27,34.99
"ISRAEL,_,TAMRA",32.85115,35.20711
"ISRAEL,_,TARABIN AZANA TRIBE",31.281529,34.874332
"ISRAEL,_,TAYIBE",32.27,34.99
"ISRAEL,_,TEL AVIV",32.088545,34.78254
"ISRAEL,_,TEL MOND",32.25444,34.91861
"ISRAEL,_,TEL SHEVA",31.4512,34.545
"ISRAEL,_,TIBERIAS",32.786972,35.535319
"ISRAEL,_,TIRA",32.23278,34.95028
"ISRAEL,_,TUBA-ZANGARIYYE",32.965978,35.593206
"ISRAEL,_,TZELAFON",31.804902,34.926231
"ISRAEL,_,TZOHAR",31.5955,34.6926
"ISRAEL,_,UM BATIN",31.27688,34.883672
"ISRAEL,_,UMM AL-FAHM",32.51583,35.1525
"ISRAEL,_,YAFA AN-NASERIYYE",32.68,35.27
"ISRAEL,_,YAFIA",32.68,35.27
"ISRAEL,_,YANUH-JAT",32.982778,35.244167
"ISRAEL,_,YARKA",32.9538,35.212
"ISRAEL,_,YATED",31.206652,34.324934
"ISRAEL,_,YAVNE",31.88333,34.73333
"ISRAEL,_,YEHUD",32.03333,34.88333
"ISRAEL,_,YERUHAM",30.98889,34.93389
"ISRAEL,_,YITZHAR",31.84726081,34.84199853
"ISRAEL,_,ZEMER",32.36702,35.03529
"IVORY COAST,_,ABIDJAN",5.3198,-4.0164
"KENYA,KIBERA,NAIROBI",-1.28333,36.81667
"KENYA,KISUMU,_",-0.25,34.91667
"KENYA,WESTERN KENYA,KISUMU",-0.25,34.91667
"KENYA,_,ASEMBO",-0.18,34.38
"KENYA,_,KIBERA",-1.28333,36.81667
"KENYA,_,LWAK",2.807193,40.89254
"KENYA,_,_",-2.209267,37.486076
"KUWAIT,_,_",29.316593,48.089487
"LATVIA,_,_",56.531226,20.998496
"LITHUANIA,_,_",55.48741258,23.93153799
"MALAWI,CENTRAL,LILONGWE",-13.98333,33.78333
"MALAWI,NORTHERN,KARONGA",-10.0,33.75
"MALAWI,SOUTHERN,BLANTYRE",-15.5,35.0
"MALAYSIA,SELANGOR,KUALA LUMPUR",3.15,101.62
"MALAYSIA,_,KUALA LUMPUR",3.15,101.62
"MALAYSIA,_,_",2.720558026,113.2651516
"MONGOLIA,_,_",46.83529066,103.0832178
"MOROCCO,GRAND CASABLANCA,CASABLANCA",33.593151,-7.631453
"MOZAMBIQUE,_,_",-18.08746649,34.75019739
"NEPAL,KAHMANDU VALLEY,KATHMANDU",27.71667,85.36667
"NEPAL,KATHMANDU VALLEY,KATHMANDU",27.71667,85.36667
"NETHERLANDS,BRABANT,TILBURG",51.57,5.07
"NETHERLANDS,BRABANT,VELDHOVEN",51.4197,5.3992
"NETHERLANDS,FRIESLAND,LEEUWARDEN",53.2,5.78333
"NETHERLANDS,GELDERLAND,NIJMEGEN",51.83333,5.85
"NETHERLANDS,GELDERLAND,VELP",51.9947,5.9758
"NETHERLANDS,NOORD HOLLAND,AMSTERDAM",52.378,4.9
"NETHERLANDS,NOORD HOLLAND,GOUDA",52.01667,4.71667
"NETHERLANDS,OVERIJSEL,ENSCHEDE",52.22361,6.89556
"NETHERLANDS,OVERIJSEL,HENGELO",52.26556,6.79306
"NETHERLANDS,UTRECHT,AMERSFOORT",52.15,5.38
"NETHERLANDS,UTRECHT,NIEUWEGEIN",52.0314,5.0919
"NETHERLANDS,ZUID HOLLAND,DORDRECHT",51.81,4.67
"NETHERLANDS,ZUID HOLLAND,GOUDA",52.01667,4.71667
"NETHERLANDS,ZUID HOLLAND,ROTTERDAM",51.95,4.41667
"NEW ZEALAND,AUCKLAND,_",-36.85,174.78333
"NEW ZEALAND,BAY OF PLENTY,_",-38.2,176.9
"NEW ZEALAND,CANTERBURY,_",-43.6,172.0
"NEW ZEALAND,GISBORNE,_",-38.6625,178.01778
"NEW ZEALAND,HAWKES BAY,_",-39.41667,176.81667
"NEW ZEALAND,LAKES,_",-38.694228,176.075104
"NEW ZEALAND,MANAWATU,_",-37.6337,175.7667
"NEW ZEALAND,NORTHLAND,_",-35.58,173.97
"NEW ZEALAND,SOUTHERN,_",-36.842378,174.763521
"NEW ZEALAND,TARANAKI,_",-39.3,174.13333
"NEW ZEALAND,WAIKATO,_",-37.5,175.33333
"NEW ZEALAND,WAIRAPAPA,_",-41.83887522,171.7799002
"NEW ZEALAND,WELLINGTON,_",-41.28889,174.77722
"NIGER,COMMUNAUTE URBAINE DE NIAMEY,NIAMEY",13.52,2.109
"NIGERIA,CENTRAL,ABUJA",9.05,7.5
"NIGERIA,NORTHWEST,KANO",11.5,8.5
"NIGERIA,_,_",9.593959887,8.10530641
"OMAN,_,_",21.38363721,57.08642394
"PAKISTAN,AZAD JAMMU AND KASHMIR,AZAD KASHMIR",33.93808,73.76456
"PAKISTAN,AZAD JAMMU AND KASHMIR,MUZAFARABAD",34.37144283,73.47102156
"PAKISTAN,KARACHI,KARACHI",24.870862,67.114544
"PAKISTAN,KHYBER PAKHTUNKHWA,ABBOTTABAD",34.192591,73.235026
"PAKISTAN,KHYBER PAKHTUNKHWA,HARIPUR HAZARA",32.81013604,74.26869309
"PAKISTAN,KHYBER PAKHTUNKHWA,PESHAWAR",34.0114,71.564542
"PAKISTAN,KHYBER PAKHTUNKHWA,SWAT",35.2078295,72.5485115
"PAKISTAN,PUNJAB,ABBOTTABAD",34.192591,73.235026
"PAKISTAN,PUNJAB,BAHAWALPUR",29.396233,71.68687
"PAKISTAN,PUNJAB,BHAKKAR",33.28533614,73.16980932
"PAKISTAN,PUNJAB,BHAWALPUR",29.396233,71.68687
"PAKISTAN,PUNJAB,FAISALABAD",31.41547,73.0908
"PAKISTAN,PUNJAB,GUJRANWALA",32.154687,74.180358
"PAKISTAN,PUNJAB,GUJRAT",32.56867823,74.07148099
"PAKISTAN,PUNJAB,KASUR",31.11687846,74.44803983
"PAKISTAN,PUNJAB,KOHAT",33.59671441,71.43999439
"PAKISTAN,PUNJAB,LAHORE",31.497754,74.360106
"PAKISTAN,PUNJAB,MULTAN",30.173475,71.469003
"PAKISTAN,PUNJAB,PESHAWAR",34.0114,71.564542
"PAKISTAN,PUNJAB,RAHIM YAR KHAN",50.472219,15.415748
"PAKISTAN,PUNJAB,SARGODHA",32.077773,72.672227
"PAKISTAN,PUNJAB,SHEIKHUPURA",31.70852854,73.9864014
"PAKISTAN,SINDH,MIRPUR MATHELO",28.02246853,69.55215527
"PAKISTAN,_,_",29.0,69.0
"PAPUA NEW GUINEA,EASTERN HIGHLANDS PROVINCE,GOROKA",-6.072926038,145.3943813
"PAPUA NEW GUINEA,EASTERN HIGHLANDS PROVINCE,_",-6.5,145.66667
"PAPUA NEW GUINEA,MADANG PROVINCE,MADANG",-5.16667,145.33333
"PAPUA NEW GUINEA,SOUTHERN HIGHLANDS PROVINCE,TARI",-5.845239956,142.946622
"PERU,AMAZON,IQUITOS",-3.749,-73.2458
"PERU,COAST,LIMA",-12.0,-76.8333
"PERU,COAST,PIURA",-5.1949,-80.6323
"PERU,SAN MARCOS,_",-9.5241,-77.1572
"PERU,SIERRA,ABANCAY",-13.6373,-72.8789
"PERU,SIERRA,AREQUIPA",-16.3999,-71.537
"PERU,SIERRA,CUZCO",40.727209,-73.854742
"PERU,SIERRA,HUANCAYO",-12.0762,-75.2063
"PERU,_,LIMA",-12.0,-76.8333
"POLAND,DOLNO-SLASKIE,BOLESLAWIEC",51.26667,15.56667
"POLAND,DOLNO-SLASKIE,SWIDNICA",50.84611,16.49139
"POLAND,DOLNO-SLASKIE,WROCLAW",51.10773,17.03533
"POLAND,DOLNOSLASKIE,JELENIA GORA",50.9,15.73333
"POLAND,DOLNOSLASKIE,KATOWICE",50.25,19.0
"POLAND,DOLNOSLASKIE,LEGNICA",51.21667,16.16667
"POLAND,DOLNOSLASKIE,LUBIN",51.4,16.2
"POLAND,DOLNOSLASKIE,SWIDNICA",50.84611,16.49139
"POLAND,DOLNOSLASKIE,TRZEBNICA",51.305,17.06139
"POLAND,DOLNOSLASKIE,WALBRZYCH",50.76667,16.28333
"POLAND,DOLNOSLASKIE,WROCLAW",51.10773,17.03533
"POLAND,KUJAWSKO-POMORSKIE,BYDGOSZCZ",53.11667,18.0
"POLAND,KUJAWSKO-POMORSKIE,GRUDZIADZ",53.4925,18.77611
"POLAND,KUJAWSKO-POMORSKIE,INOWROCLAW",52.79583,18.26111
"POLAND,KUJAWSKO-POMORSKIE,TORUN",53.01667,18.61667
"POLAND,KUJAWSKO-POMORSKIE,WLOCLAWEK",52.65,19.05
"POLAND,LODZKIE,BELCHATOW",51.36667,19.36667
"POLAND,LODZKIE,LODZ",51.75949,19.45851
"POLAND,LODZKIE,RADOMSKO",51.074757,19.437912
"POLAND,LODZKIE,SKIERNIEWICE",51.967386,20.15039
"POLAND,LUBELSKIE,BILGORAJ",50.55,22.73333
"POLAND,LUBELSKIE,LUBLIN",51.23333,22.56667
"POLAND,LUBUSKIE,ZIELONA GORA",51.93972,15.505
"POLAND,MALOPOLSKIE,CZESTOCHOWA",50.8,19.11667
"POLAND,MALOPOLSKIE,GORLICE",49.66667,21.16667
"POLAND,MALOPOLSKIE,KRAKOW",50.06667,19.95
"POLAND,MALOPOLSKIE,MYSLENICE",49.83333,19.93333
"POLAND,MALOPOLSKIE,NOWY SACZ",49.62389,20.69722
"POLAND,MALOPOLSKIE,OSWIECIM",50.03333,19.23333
"POLAND,MALOPOLSKIE,TARNOW",50.0125,20.98861
"POLAND,MALOPOLSKIE,WADOWICE",49.88333,19.5
"POLAND,MAZOWIECKIE,CIECHANOW",52.86667,20.63333
"POLAND,MAZOWIECKIE,DZIEKANOW LESNY",52.3524,20.8512
"POLAND,MAZOWIECKIE,GRODZISK MAZOWIECKI",52.10889,20.625
"POLAND,MAZOWIECKIE,MLAWA",53.112987,20.399294
"POLAND,MAZOWIECKIE,OSTROW MAZOWIECKA",52.8,21.9
"POLAND,MAZOWIECKIE,PLOCK",52.55,19.7
"POLAND,MAZOWIECKIE,RADOM",51.40361,21.15667
"POLAND,MAZOWIECKIE,WARSZAWA",52.239266,21.051293
"POLAND,MAZOWIECKIE,WOLOMIN",52.35,21.23333
"POLAND,MAZOWIECKIE,WYSZKOW",52.59333,21.46
"POLAND,OPOLSKIE,KEDZIERZYN-KOZLE",50.33333,18.2
"POLAND,OPOLSKIE,OPOLE",50.66667,17.93333
"POLAND,PODKARPACKIE,JASLO",49.73333,21.46667
"POLAND,PODKARPACKIE,KROSNO",49.68333,21.75
"POLAND,PODKARPACKIE,LANCUT",50.081645,22.228856
"POLAND,PODKARPACKIE,MIELEC",50.28333,21.43333
"POLAND,PODKARPACKIE,PRZEWORSK",50.06667,22.5
"POLAND,PODKARPACKIE,RZESZOW",50.05,22.0
"POLAND,PODLASKIE,BIALYSTOK",53.11667,23.16667
"POLAND,PODLASKIE,LOMZA",53.16667,22.08333
"POLAND,PODLASKIE,SUWALKI",54.08333,22.93333
"POLAND,POMORSKIE,ELBLAG",54.16667,19.4
"POLAND,POMORSKIE,GDANSK",54.36667,18.63333
"POLAND,POMORSKIE,KOSCIERZYNA",54.11667,17.98333
"POLAND,POMORSKIE,STAROGARD GDANSKI",53.96633975,18.53295375
"POLAND,POMORSKIE,WEJHEROWO",54.6,18.25
"POLAND,SLASKIE,BIELSKO-BIALA",49.8225,19.04444
"POLAND,SLASKIE,BYTOM",50.365409,18.84819
"POLAND,SLASKIE,CHORZOW",50.3,18.95
"POLAND,SLASKIE,JASTRZEBIE ZDROJ",49.95,18.58333
"POLAND,SLASKIE,KATOWICE",50.25,19.0
"POLAND,SLASKIE,RACIBORZ",50.08333,18.23333
"POLAND,SLASKIE,SOSNOWIEC",50.3,19.16667
"POLAND,SLASKIE,TYCHY",50.16667,19.0
"POLAND,SLASKIE,ZORY",50.05,18.7
"POLAND,SWIETOKRZYSKIE,KIELCE",50.8725,20.63194
"POLAND,WARMINSKO-MAZURSKIE,BARTOSZYCE",54.25,20.8
"POLAND,WARMINSKO-MAZURSKIE,ELBLAG",54.16667,19.4
"POLAND,WARMINSKO-MAZURSKIE,ELK",53.81667,22.35
"POLAND,WARMINSKO-MAZURSKIE,OLSZTYN",53.78333,20.48333
"POLAND,WIELKOPOLSKIE,KOLO",52.2116415,18.6306805
"POLAND,WIELKOPOLSKIE,KONIN",52.21667,18.26667
"POLAND,WIELKOPOLSKIE,KOSCIAN",52.08333,16.65
"POLAND,WIELKOPOLSKIE,OSTROW WIELKOPOLSKI",51.646912,17.804186
"POLAND,WIELKOPOLSKIE,POZNAN",52.4,16.91667
"POLAND,ZACHODNIO-POMORSKIE,GRYFICE",53.91757,15.207485
"POLAND,ZACHODNIO-POMORSKIE,KOLOBRZEG",54.16667,15.56667
"POLAND,ZACHODNIO-POMORSKIE,SZCZECIN",53.42472,14.55528
"QATAR,DOHA,_",25.2867,51.5333
"QATAR,_,DOHA",25.2867,51.5333
"QATAR,_,_",25.3150785,51.191201
"RUSSIAN FEDERATION,LENINGRAD OBLAST,LENINGRAD OBLAST",60.05,31.75
"RUSSIAN FEDERATION,MOSCOW,MOSCOW",55.761035,37.536004
"RUSSIAN FEDERATION,ORYOL OBLAST,ORYOL",52.96667,36.08333
"RUSSIAN FEDERATION,PSKOV OBLAST,PSKOV",57.81667,28.33333
"RUSSIAN FEDERATION,REPUBLIC OF KARELIA�,PETROZAVODSK",61.78333,34.35
"RUSSIAN FEDERATION,ST. PETERSBURG,ST. PETERSBURG",59.95,30.31667
"SENEGAL,REGION DE DAKAR,DAKAR",14.712019,-17.457171
"SLOVENIA,JESENICE,HRUSICA",45.5374239,14.121336
"SLOVENIA,JESENICE,JESENICE",46.43657,14.06017
"SLOVENIA,JESENICE,KRANJ",46.23333,14.36667
"SLOVENIA,KOPER,KOPER",45.54653,13.72944
"SLOVENIA,KOPER,_",45.54653,13.72944
"SLOVENIA,LJUBLJANA,BLAGOVICA",46.1764873,14.80739819
"SLOVENIA,LJUBLJANA,BLEJSKA DOBRAVA",46.4467813,15.64215906
"SLOVENIA,LJUBLJANA,BREZOVICA",45.947868,14.418007
"SLOVENIA,LJUBLJANA,DOMZALE",46.13333,14.6
"SLOVENIA,LJUBLJANA,GROSUPLJE",45.95513,14.6562
"SLOVENIA,LJUBLJANA,HRUSEVJE",45.761765,14.11127146
"SLOVENIA,LJUBLJANA,IVANCNA GORICA",45.93739,14.80294
"SLOVENIA,LJUBLJANA,KAMNIK",46.22583,14.61194
"SLOVENIA,LJUBLJANA,KRANJ",46.23333,14.36667
"SLOVENIA,LJUBLJANA,KRSKO",45.95896,15.49216
"SLOVENIA,LJUBLJANA,LITIJA",46.05647,14.83031
"SLOVENIA,LJUBLJANA,LJUBLJANA",46.05,14.51667
"SLOVENIA,LJUBLJANA,LUKOVICA",46.16833,14.68917
"SLOVENIA,LJUBLJANA,NOTRANJE GORICE",46.70280505,16.14441775
"SLOVENIA,LJUBLJANA,PETROVCE",46.24570985,15.18833731
"SLOVENIA,LJUBLJANA,PLANINA",46.5502523,15.2187379
"SLOVENIA,LJUBLJANA,POLHOV GRADEC",46.06853805,14.3125821
"SLOVENIA,LJUBLJANA,POSTOJNA",45.76667,14.21667
"SLOVENIA,LJUBLJANA,PRESTRANEK",46.16945849,14.6940764
"SLOVENIA,LJUBLJANA,SENTVID PRI STICNI",45.9517282,14.840993
"SLOVENIA,LJUBLJANA,SKOFJA LOKA",46.16667,14.3
"SLOVENIA,LJUBLJANA,SKOFLJICA",45.9876,14.57249
"SLOVENIA,LJUBLJANA,SMARTNO PRI LITIJI",46.05,14.85
"SLOVENIA,LJUBLJANA,STORE",46.22167,15.31111
"SLOVENIA,LJUBLJANA,VELENJE",46.36667,15.11667
"SLOVENIA,LJUBLJANA,VISNJA GORA",46.2073672,14.55098321
"SLOVENIA,LJUBLJANA,VRHNIKA",45.9661,14.2956
"SLOVENIA,LJUBLJANA,ZALEC",46.251,15.16394
"SLOVENIA,LJUBLJANA,ZIRI",46.050594,14.11026
"SLOVENIA,LJUBLJANA,_",46.05,14.51667
"SLOVENIA,MARIBOR,KOG",46.46280975,16.24784439
"SLOVENIA,MARIBOR,MARIBOR",46.55,15.63333
"SLOVENIA,MARIBOR,PRAGERSKO",46.395396,15.6617405
"SLOVENIA,MARIBOR,SPODNJI DUPLEK",46.51667,15.76667
"SLOVENIA,MURSKA SOBOTA,BOGOJINA",46.67872865,16.2801721
"SLOVENIA,MURSKA SOBOTA,LENDAVA",46.56667,16.45
"SLOVENIA,MURSKA SOBOTA,MALA NEDELJA",46.52295765,16.05313921
"SLOVENIA,NOVA GORICA,KOMEN",45.8168,13.7455
"SLOVENIA,NOVO MESTO,CRNOMELJ",45.56667,15.18333
"SLOVENIA,NOVO MESTO,KOCEVJE",45.63972,14.86139
"SLOVENIA,NOVO MESTO,METLIKA",45.65108,15.31477
"SLOVENIA,NOVO MESTO,MIRNA PEC",45.85798,15.08756
"SLOVENIA,NOVO MESTO,NOVO MESTO",45.79806,15.16278
"SLOVENIA,NOVO MESTO,SENTJERNEJ",45.83333,15.33333
"SLOVENIA,NOVO MESTO,SKOFLJICA",45.9876,14.57249
"SLOVENIA,NOVO MESTO,SMARJESKE TOPLICE",46.1215687,15.20449451
"SLOVENIA,NOVO MESTO,TREBELNO",46.2472774,14.7001689
"SLOVENIA,NOVO MESTO,TREBNJE",45.91038,15.00863
"SLOVENIA,NOVO MESTO,_",45.79806,15.16278
"SLOVENIA,POSTOJNA,ILIRSKA BISTRICA",45.56667,14.23333
"SLOVENIA,SLOVENJ GRADEC,DRAVOGRAD",46.5833,15.0333
"SLOVENIA,SLOVENJ GRADEC,NAZARJE",46.285705,14.920309
"SLOVENIA,SLOVENJ GRADEC,VELENJE",46.36667,15.11667
"SLOVENIA,TRBOVLJE,DOBOVEC",46.275976,15.865814
"SLOVENIA,_,_",46.16945849,14.6940764
"SOUTH AFRICA,AGINCOURT,_",-34.072914,18.563974
"SOUTH AFRICA,EASTERN CAPE,_",-32.0,27.0
"SOUTH AFRICA,ESTERN CAPE,EAST LONDON",-33.0154,27.904
"SOUTH AFRICA,FREE STATE,PARYS",-26.9033,27.4573
"SOUTH AFRICA,FREE STATE,_",-29.11851,26.21634
"SOUTH AFRICA,GAUTENG,BEZVALLEY",-26.203165,28.031315
"SOUTH AFRICA,GAUTENG,EERSTERUS",-25.7055,28.3149
"SOUTH AFRICA,GAUTENG,FREEDOM PARK",-25.764568,28.187921
"SOUTH AFRICA,GAUTENG,HIGHLANDS NORTH",-26.14,28.07
"SOUTH AFRICA,GAUTENG,JOHANNESBURG",-26.1633,28.0328
"SOUTH AFRICA,GAUTENG,MEADOWLANDS",-26.218808,27.891534
"SOUTH AFRICA,GAUTENG,PRETORIA",-25.7484,28.154
"SOUTH AFRICA,GAUTENG,SOWETO",-26.2678,27.8585
"SOUTH AFRICA,GAUTENG,_",-26.0,28.0
"SOUTH AFRICA,KWAZULU NATAL,DURBAN",-29.8579,31.0292
"SOUTH AFRICA,KWAZULU NATAL,_",-29.0,31.0
"SOUTH AFRICA,LIMPOPO,_",-24.0,29.5
"SOUTH AFRICA,MPUMALANGA,NELSPRRUIT",-25.439747,30.965439
"SOUTH AFRICA,MPUMALANGA,_",-26.0,30.0
"SOUTH AFRICA,NORTH WEST,RUSTENBURG",-25.6602,27.3316
"SOUTH AFRICA,NORTH WEST,_",-27.0,26.0
"SOUTH AFRICA,NORTHERN CAPE,_",-30.0,22.0
"SOUTH AFRICA,SOWETO,_",-26.2678,27.8585
"SOUTH AFRICA,WESTERN CAPE,CAPE TOWN",-33.9351,18.4289
"SOUTH AFRICA,WESTERN CAPE,HOUTBAY",-26.203165,28.031315
"SOUTH AFRICA,WESTERN CAPE,LOTUS RIVER",-34.0378,18.5171
"SOUTH AFRICA,WESTERN CAPE,VALHALLA PARK",-33.95,18.57
"SOUTH AFRICA,WESTERN CAPE,_",-34.0,20.0
"SPAIN,CATALONIA,BARCELONA",41.3825,2.17694
"SWEDEN,GOTHENBURG,_",57.70694,11.96667
"TAIWAN,_,_",24.0,121.0
"THAILAND,BANGKOK,BANGKOK",13.75,100.51667
"THAILAND,TAK,MAE SOT",16.71009,98.57071
"THE GAMBIA,CENTRAL RIVER REGION,BANSANG",13.43577394,-14.65878826
"THE GAMBIA,KANIFING MUNICIPAL COUNCIL,FAJIKUNDA",13.44452552,-15.91285448
"THE GAMBIA,KANIFING MUNICIPAL COUNCIL,KANIFING",13.45376803,-16.67482071
"THE GAMBIA,UPPER RIVER REGION,BASSE",13.44452552,-15.91285448
"THE GAMBIA,UPPER RIVER REGION,_",13.39444,-14.17528
"THE GAMBIA,WEST COAST REGION,SIBANOR",13.20593907,-16.19350467
"THE GAMBIA,WESTERN REGION,BANJUL",13.45306,-16.5775
"THE GAMBIA,WESTERN REGION,BWIAM",13.23010028,-16.08249323
"THE GAMBIA,WESTERN REGION,FAJARA",13.46897986,-16.6914043
"THE GAMBIA,WESTERN REGION,SIBANOR",13.20593907,-16.19350467
"THE GAMBIA,WESTERN REGION,SUKUTA",13.40853,-16.733581
"THE GAMBIA,_,_",13.44452552,-15.91285448
"TOGO,COMMUNE DE LOME,LOME",6.125845902,1.224932671
"TOGO,SAVANES,DAPAONG",10.86893874,0.204969384
"TRINIDAD AND TOBAGO,_,_",10.46864301,-61.25317573
"TURKEY,AEGEAN,IZMIR",38.43333,27.15
"TURKEY,CENTRAL ANATOLIA,ANKARA",39.86667,32.86667
"TURKEY,IZMIR,_",38.43333,27.15
"USA,CALIFORNIA,_",37.07435959,-119.6993752
"USA,COLORADO,_",39.190246,-105.6049974
"USA,CONNECTICUT,_",41.62614193,-72.7262428
"USA,GEORGIA,_",32.33057066,-83.25725603
"USA,MARYLAND,_",39.47806367,-76.85363746
"USA,MINNESOTA,_",46.34340632,-94.19911677
"USA,NEW MEXICO,_",34.32485649,-105.9983506
"USA,NEW YORK,_",40.7648,-73.9808
"USA,OREGON,_",44.03288416,-120.2814117
"USA,SAN FRANCISCO,_",37.7648,-122.463
"USA,ST.LOUIS MO,_",37.97635269,-91.35459195
"USA,TENNESSEE,_",35.98859494,-85.98233521
"WEST AFRICA,_,_",13.52,2.109
